isomeric_smiles,logS0
C(\C=C\c1ccccc1)N1CCN(CC1)C(c1ccccc1)c1ccccc1,-5.34
C(c1ccccc1)n1ccnc1,-2.26
C1Cc2ccccc2N1,-1.04
C1O[C@H]1c1ccccc1,-1.6
C=CCC1(C(=O)NC(=O)NC1=O)c1ccccc1,-2.346
C=CCC1(CC=C)C(=O)NC(=O)NC1=O,-1.796
C=CCS[S@@](=O)CC=C,-0.83
CC#C[C@]1(O)CC[C@H]2[C@@H]3CCC4=CC(=O)CCC4=C3[C@H](C[C@]12C)c1ccc(cc1)N(C)C,-5.825
CC(=C)[C@@H]1CC=C(C)C(=O)C1,-2.06
CC(=C)[C@H]1CC=C(C)C(=O)C1,-2.06
CC(=O)C(C)(C)C,-0.723666667
CC(=O)CCCCn1c(=O)n(C)c2ncn(C)c2c1=O,-0.558
CC(=O)C[C@H](c1ccccc1)c1c(O)c2ccccc2oc1=O,-4.761
CC(=O)N1CCN(CC1)c1ccc(OC[C@H]2CO[C@@](Cn3ccnc3)(O2)c2ccc(Cl)cc2Cl)cc1,-3.8
CC(=O)NC(N)=O,-0.9
CC(=O)NC[C@H]1CN(C(=O)O1)c1ccc(N2CCN(CC2)C(=O)CO)c(F)c1,-1.97
CC(=O)NC[C@H]1CN(C(=O)O1)c1ccc(N2CCOCC2)c(F)c1,-2.07
CC(=O)NCc1c(I)c(NC(C)=O)c(I)c(C(O)=O)c1I,-2.321
CC(=O)NS(=O)(=O)c1ccc(N)cc1,-1.5135
CC(=O)Nc1c(I)c(NC(C)=O)c(I)c(C(O)=O)c1I,-2.788
CC(=O)Nc1ccc(C=O)cc1,-1.58
CC(=O)Nc1ccc(Cl)cc1,-2.842
CC(=O)Nc1ccc(F)cc1,-1.78
CC(=O)Nc1ccc(N)cc1,-0.98
CC(=O)Nc1ccc(O)cc1,-1.064
CC(=O)Nc1ccc(OC(C)=O)cc1,-1.91
CC(=O)Nc1ccc(cc1)S(N)(=O)=O,-1.61
CC(=O)Nc1ccc(cc1)[N+]([O-])=O,-2.691333333
CC(=O)Nc1cccc(C)c1,-2.09
CC(=O)Nc1ccccc1,-1.398
CC(=O)Nc1ccccc1Cl,-1.4
CC(=O)Nc1ccccc1[N+]([O-])=O,-1.91
CC(=O)Nc1nnc(s1)S(N)(=O)=O,-2.462
CC(=O)OC1CCCCC1,-1.67
CC(=O)OCC(COC(C)=O)OC(C)=O,-0.6
CC(=O)OCC1=C(N2[C@H](SC1)[C@H](NC(=O)Cc1cccs1)C2=O)C(O)=O,-2.938
CC(=O)O[C@@H]1C2=C(C)[C@H](C[C@@](O)([C@@H](OC(=O)c3ccccc3)[C@@H]3[C@@]4(CO[C@@H]4C[C@H](O)[C@@]3(C)C1=O)OC(C)=O)C2(C)C)OC(=O)[C@H](O)[C@@H](NC(=O)c1ccccc1)c1ccccc1,-6.63
CC(=O)O[C@]1(C(C)=O)C(=C)C[C@H]2[C@@H]3C=C(C)C4=CC(=O)CC[C@]4(C)[C@H]3CC[C@]12C,-5.57
CC(=O)Oc1ccccc1C(O)=O,-1.75
CC(=O)S[C@@H]1CC2=CC(=O)CC[C@]2(C)[C@H]2CC[C@@]3(C)[C@@H](CC[C@@]33CCC(=O)O3)[C@H]12,-4.173
CC(=O)[C@H]1CC[C@H]2[C@@H]3CCC4=CC(=O)CC[C@]4(C)[C@H]3CC[C@]12C,-4.42
CC(=O)c1ccc(N)cc1,-1.61
CC(=O)c1cccc(N)c1,-1.28
CC(=O)c1ccccc1,-1.29
CC(C)(C)C(C)(C)O,-0.72
CC(C)(C)CCCO,-1.55
CC(C)(C)CCO,-0.5
CC(C)(C)CO,-0.4
CC(C)(C)COC(N)=O,-0.8
CC(C)(C)NC(=O)[C@H]1CC[C@H]2[C@@H]3CC=C4C=C(CC[C@]4(C)[C@H]3CC[C@]12C)C(O)=O,-8.7585
CC(C)(C)NC[C@H](O)COc1ccc(NC(=O)NC2CCCCC2)cc1,-3.62
CC(C)(C)NC[C@H](O)COc1cccc2C[C@@H](O)[C@@H](O)Cc12,-1.57
CC(C)(C)NC[C@H](O)c1ccc(O)c(CO)c1,-1.224
CC(C)(C)OC(N)=O,0.1
CC(C)(C)c1ccc(O)cc1,-2.41
CC(C)(C)c1ccc(cc1)[C@@H](O)CCCN1CCC(CC1)C(O)(c1ccccc1)c1ccccc1,-6.69
CC(C)(N)C(O)=O,0.21
CC(C)(O\N=C(\C(=O)N[C@H]1[C@H]2SCC(C[n+]3ccccc3)=C(N2C1=O)C(O)=O)c1csc(N)n1)C(O)=O,-2.038
CC(C)(Oc1ccc(CCNC(=O)c2ccc(Cl)cc2)cc1)C(O)=O,-4.8
CC(C)(S)[C@@H](N)C(O)=O,-0.13
CC(C)(S)[C@H](N)C(O)=O,-0.128
CC(C)=CCC1(C)C(=O)NC(=O)NC1=O,-2.602
CC(C)=CCC[C@](C)(O)C=C,-1.99
CC(C)=CCC\C(C)=C/CO,-2.46
CC(C)=CCC\C(C)=C\C=O,-2.06
CC(C)C(=O)C(C)C,-1.3
CC(C)C(C)(C)O,-0.41
CC(C)C(O)C(C)C,-1.13725
CC(C)C1(C(C)C)C(=O)NC(=O)NC1=O,-2.766
CC(C)C1(CC=C(C)C)C(=O)NC(=O)NC1=O,-2.593
CC(C)C1(CC=C)C(=O)NC(=O)NC1=O,-1.71
CC(C)C1C(=O)NC(=O)NC1=O,-1.456
CC(C)CC(C)(C)O,-0.92
CC(C)CC(C)=O,-0.966666667
CC(C)CC1(CC=C)C(=O)NC(=O)NC1=O,-2.119
CC(C)CCC(C)=O,-1.33
CC(C)CCCO,-1.14
CC(C)CCO,-0.513333333
CC(C)CCOC(C)=O,-1.92
CC(C)CCOC=O,-1.52
CC(C)CC[C@@H](C)O,-1.38
CC(C)CNC(=O)N1CCNC1=O,-2.15
CC(C)COC(=O)C=C,-1.21
CC(C)COC(C)=O,-1.22
CC(C)COC=O,-1.01
CC(C)C[C@@H](C)O,-0.79625
CC(C)C[C@H](C)CO,-1.6
CC(C)C[C@H](N)C(O)=O,-0.75
CC(C)Cc1ccc(cc1)[C@@H](C)C(O)=O,-3.595
CC(C)Cn1c(C)nc2n(C)c(=O)n(C)c(=O)c12,-1.599
CC(C)Cn1cnc2n(C)c(=O)n(C)c(=O)c12,-0.942
CC(C)N(C(=O)CCl)c1ccccc1,-2.48
CC(C)N(CC[C@@](C(N)=O)(c1ccccc1)c1ccccn1)C(C)C,-3.1
CC(C)N(CC[C@H](c1ccccc1)c1cc(C)ccc1O)C(C)C,-2.58
CC(C)NC(=O)N1CC(=O)N(C1=O)c1cc(Cl)cc(Cl)c1,-4.405
CC(C)NC[C@H](O)COc1ccc(CC(N)=O)cc1,-1.3
CC(C)NC[C@H](O)COc1ccc(COCCOC(C)C)cc1,-1.93
CC(C)NC[C@H](O)COc1cccc2[nH]ccc12,-3.88
CC(C)NC[C@H](O)COc1cccc2ccccc12,-3.7075
CC(C)NC[C@H](O)COc1ccccc1CC=C,-2.82
CC(C)NC[C@H]1CCc2cc(CO)c(cc2N1)[N+]([O-])=O,-2.965
CC(C)Nc1cccnc1N1CCN(CC1)C(=O)c1cc2cc(NS(C)(=O)=O)ccc2[nH]1,-5.74
CC(C)OC(=O)C(C)(C)Oc1ccc(cc1)C(=O)c1ccc(Cl)cc1,-5.712
CC(C)OC(C)=O,-0.563
CC(C)OC(C)C,-1.1
CC(C)OC=O,-0.63
CC(C)SC(C)C,-2.24
CC(C)[C@@H](C)O,-0.186666667
CC(C)[C@@H]1CC[C@@H](C)CC1=O,-2.396666667
CC(C)[C@H](C)CO,-0.39
CC(C)[C@H]1CC[C@H](C)C[C@@H]1O,-2.53
CC(C)[N+]([O-])=O,-0.62
CC(C)\N=c1/cc2n(-c3ccc(Cl)cc3)c3ccccc3nc2cc1Nc1ccc(Cl)cc1,-5.8
CC(C)c1ccc(C)c(O)c1,-2.08
CC(C)c1ccc(C)cc1O,-2.186
CC(C)c1ccc(NC(=O)N(C)C)cc1,-3.469
CC(C)c1nc(nc(-c2ccc(F)cc2)c1\C=C\[C@@H](O)C[C@@H](O)CC(O)=O)N(C)S(C)(=O)=O,-2.48
CC(C)n1c(\C=C\[C@H](O)C[C@H](O)CC(O)=O)c(-c2ccc(F)cc2)c2ccccc12,-3.83
CC1(C(=O)NC(=O)NC1=O)c1ccccc1,-2.38
CC1(C)C(=O)NC(=O)NC1=O,-1.742
CC1(C)CON(Cc2ccccc2Cl)C1=O,-2.338
CC1(C)N(Cl)C(=O)N(Cl)C1=O,-2.6
CC1(C)S[C@@H]2[C@H](NC(=O)[C@H](N)c3ccc(O)cc3)C(=O)N2[C@H]1C(O)=O,-2.031
CC1(C)S[C@@H]2[C@H](NC(=O)[C@H](N)c3ccccc3)C(=O)N2[C@H]1C(O)=O,-1.539
CC1(C)[C@@H]2CC[C@@](C)(C2)C1=O,-1.85
CC1(C)[C@H]2CC[C@]1(C)C(=O)C2,-2.086
CC1(C)[C@H]2CC[C@]1(C)[C@H](O)C2,-2.32
CC1(CC=C)C(=O)NC(=O)NC1=O,-1.16
CC1=C(C(=O)Nc2ccccc2)S(=O)(=O)CCO1,-2.3555
CC1=C(CC(O)=O)c2cc(F)ccc2\C1=C/c1ccc(cc1)[S@](C)=O,-4.78
CC1=C(CCCO1)C(=O)Nc1ccccc1,-2.56
CC1=C(N2[C@H](SC1)[C@H](NC(=O)[C@H](N)C1=CCC=CC1)C2=O)C(O)=O,-1.215
CC1=CC(=O)CC(C)(C)C1,-1.06
CC1=NS(=O)(=O)c2cc(Cl)ccc2N1,-3.481
CC1C(=O)NC(=O)NC1=O,-1.126
CCC(=O)Nc1ccccc1,-1.92
CCC(=O)OC,-0.14
CCC(=O)O[C@@](Cc1ccccc1)([C@H](C)CN(C)C)c1ccccc1,-4.985
CCC(=O)c1ccccc1,-1.83
CCC(Br)(CC)C(=O)NC(N)=O,-2.68
CCC(C)(C)C(=O)O[C@H]1C[C@@H](C)C=C2C=C[C@H](C)[C@H](CC[C@@H]3C[C@@H](O)CC(=O)O3)[C@@H]12,-4.145
CCC(C)(C)CO,-1.04
CCC(C)(C)O,0.088175
CCC(C)(O)CC,-0.366666667
CCC(CC)C=O,-1.52
CCC(CC)CO,-1.17
CCC(O)(CC)CC,-0.85
CCC(O)CC,-0.239
CCC1(C(=O)NC(=O)NC1=O)C1=CCCCC1,-2.273
CCC1(C(=O)NC(=O)NC1=O)C1=CCCCCC1,-3
CCC1(C(=O)NC(=O)NC1=O)C1=C[C@@H]2CC[C@@H](C2)C1,-2.773
CCC1(C(=O)NC(=O)NC1=O)c1ccccc1,-2.293
CCC1(C(=O)NCNC1=O)c1ccccc1,-2.64
CCC1(C(C)C)C(=O)NC(=O)NC1=O,-2.153
CCC1(C)C(=O)NC(=O)NC1=O,-1.162
CCC1(CC)C(=O)NC(=O)NC1=O,-1.41
CCC1(CC)C(=O)NC[C@H](C)C1=O,-0.382
CCC1(CC=C(C)C)C(=O)NC(=O)NC1=O,-2.253
CCC1(CC=C)C(=O)NC(=O)NC1=O,-1.614
CCC1(CCC(C)C)C(=O)NC(=O)NC1=O,-2.47
CCC1=C(C)CN(C(=O)NCCc2ccc(cc2)S(=O)(=O)NC(=O)N[C@H]2CC[C@H](C)CC2)C1=O,-6.44
CCC1C(=O)NC(=O)NC1=O,-1.427
CCCC(=O)C=C,-0.83
CCCC(=O)CC,-0.83
CCCC(=O)CCC,-1.3
CCCC(=O)Nc1ccc(OC[C@@H](O)CNC(C)C)c(c1)C(C)=O,-2.4375
CCCC(=O)OC,-0.82
CCCC(=O)OCC,-1.28
CCCC(C)(C)CO,-1.52
CCCC(C)(C)O,-0.49
CCCC(C)(COC(N)=O)COC(N)=O,-1.807
CCCC(O)CCC,-1.4
CCCC1(CC)C(=O)NC(=O)NC1=O,-1.491
CCCC1(CCC)C(=O)NC(=O)NC1=O,-2.527
CCCCC(=O)CCCC,-2.583333333
CCCCC(=O)OC,-1.36
CCCCC(=O)OCC,-1.75
CCCCC(C)(C)O,-1.08
CCCCC(C)=O,-0.8
CCCCC1(CC)C(=O)NC(=O)NC1=O,-1.686
CCCCC1(CC=C)C(=O)NC(=O)NC1=O,-2.172
CCCCC1C(=O)N(N(C1=O)c1ccccc1)c1ccccc1,-4.391
CCCCCC(=O)OC,-1.913333333
CCCCCC(=O)OCC,-2.336666667
CCCCCC(C)(C)O,-1.72
CCCCCC(C)=O,-1.44
CCCCCC1(CC)C(=O)NC(=O)NC1=O,-2.34
CCCCCC=O,-1.3
CCCCCCC(=O)OCC,-2.73
CCCCCCC(C)=O,-2.05
CCCCCCC1(CC)C(=O)NC(=O)NC1=O,-3.049
CCCCCCC=O,-1.7
CCCCCCCC(C)=O,-2.58
CCCCCCCC1(CC)C(=O)NC(=O)NC1=O,-3.218
CCCCCCCC=O,-2.36
CCCCCCCCC1(CC)C(=O)NC(=O)NC1=O,-3.943
CCCCCCCCCC1(CC)C(=O)NC(=O)NC1=O,-4.462
CCCCCCCCC[C@@H](C)O,-2.94
CCCCCCCCO,-2.385
CCCCCCCN(CC)CCC[C@@H](O)c1ccc(NS(C)(=O)=O)cc1,-1.81
CCCCCCCO,-1.8175
CCCCCCCOC(N)=O,-2.62
CCCCCCC[C@@H](C)O,-2.74
CCCCCCO,-1.2375
CCCCCCOC(C)=O,-2.46
CCCCCCOC(N)=O,-1.92
CCCCCC[C@@H](C)O,-1.99
CCCCCO,-0.60225
CCCCCOC(=O)CC,-2.25
CCCCCOC(C)=O,-1.8875
CCCCCOC(N)=O,-1.47
CCCCC[C@@H](C)O,-1.55
CCCCC[C@@H](O)CC,-1.98
CCCCC[C@H](O)\C=C\[C@H]1[C@H](O)CC(=O)[C@@H]1CCCCCCC(O)=O,-3.67
CCCCC[C@H](O)\C=C\[C@H]1[C@H](O)CC(=O)[C@@H]1C\C=C/CCCC(O)=O,-2.47
CCCCN(CCN(CCCC)C(=O)N1CCOCC1)C(=O)N1CCOCC1,0.098
CCCCN1CCCC[C@@H]1C(=O)Nc1c(C)cccc1C,-3.511
CCCCNC(=O)NS(=O)(=O)c1ccc(C)cc1,-3.4665
CCCCNC(=O)OC[C@@](C)(CCC)COC(N)=O,-2.739
CCCCNc1cc(cc(c1Oc1ccccc1)S(N)(=O)=O)C(O)=O,-3.562
CCCCNc1ccc(cc1)C(=O)OCCN(C)C,-3.011
CCCCOC,-0.99
CCCCOC(=O)c1ccc(N)cc1,-3.131
CCCCOC(=O)c1ccc(O)cc1,-3.101
CCCCOC(C)=O,-1.29
CCCCOC(N)=O,-0.66
CCCCOCCCC,-1.885
CCCCOCCO,-0.42
CCCCOc1cc(C(=O)NCCN(CC)CC)c2ccccc2n1,-4.39
CCCCOc1ccc(OCCCN2CCOCC2)cc1,-3.5
CCCC[C@@H](C)O,-0.89
CCCC[C@@H](CC)C=O,-2.13
CCCC[C@@H](CC)CO,-2.11
CCCC[C@@H](O)CC,-1.47
CCCC[C@H](C)[C@H](C)O,-1.72
CCCC[C@](C)(O)CC,-1.6
CCCCc1oc2ccccc2c1C(=O)c1cc(I)c(OCCN(CC)CC)c(I)c1,-8.174
CCCCn1c(=O)n(C)c2ncn(C)c2c1=O,-1.625
CCCCn1c(C)nc2n(C)c(=O)n(C)c(=O)c12,-1.745
CCCCn1cnc2n(C)c(=O)n(C)c(=O)c12,-1.805
CCCN(CCC)S(=O)(=O)c1ccc(cc1)C(O)=O,-4.888
CCCNC(=O)NS(=O)(=O)c1ccc(Cl)cc1,-3.2745
CCCNC[C@@H](O)COc1ccccc1C(=O)CCc1ccccc1,-5.2
CCCOC(=O)CC,-1.34
CCCOC(=O)CCC,-1.92
CCCOC(=O)c1ccc(O)cc1,-2.557
CCCOC(=O)c1ccccc1,-2.67
CCCOC(C)=O,-0.72
CCCOC(C)C,-1.34
CCCOC=O,-0.49
CCCOCC,-0.66
CCCOCCC,-1.446666667
CCCOc1ccc2[C@@H]([C@H]([C@@H](c2c1)c1ccc(OC)cc1OCC(O)=O)C(O)=O)c1ccc2OCOc2c1,-6.771
CCCSCCC,-2.58
CCC[C@@H](C)O,-0.29
CCC[C@@H](O)CC,-0.8
CCC[C@@H](O)[C@H](CC)CO,-0.54
CCC[C@@]1(CCc2ccccc2)CC(=O)[C@@H]([C@H](CC)c2cccc(NS(=O)(=O)c3ccc(cn3)C(F)(F)F)c2)C(=O)O1,-6.3
CCC[C@H](C)C1(CC)C(=O)NC(=O)NC1=O,-2.41
CCC[C@H](C)C1(CC=C)C(=O)NC(=O)NC1=O,-2.333
CCC[C@H](C)CO,-1.11
CCC[C@H](O)C=C,-0.59
CCC[C@](C)(O)CC,-0.986666667
CCC[N+]([O-])=O,-0.8
CCC[S@](=O)CCCN(CC)C[C@@H](O)COc1ccc(cc1)C#N,-1.17
CCC\C(=C(/C)O)C(C)=O,-0.88
CCC\C=C(\CC)C=O,-2.46
CCCc1cc(=O)[nH]c(=S)[nH]1,-2.185
CCCn1c(=O)n(C)c2ncn(C)c2c1=O,-1.207
CCN(CC)C(=O)C(\Cl)=C(/C)OP(=O)(OC)OC,0.523
CCN(CC)C(=O)CSc1ccc(Cl)nn1,-1.716
CCN(CC)C(=O)Nc1ccc(OC[C@@H](O)CNC(C)(C)C)c(c1)C(C)=O,-1.9
CCN(CC)C(=S)SSC(=S)N(CC)CC,-2.995
CCN(CC)CC(=O)Nc1c(C)cccc1C,-1.874
CCN(CC)CCC[C@@H](C)Nc1c2ccc(Cl)cc2nc2ccc(OC)cc12,-4.35
CCN(CC)CCC[C@@H](C)Nc1ccnc2cc(Cl)ccc12,-3.89
CCN(CC)CCNC(=O)c1cc(Cl)c(N)cc1OC,-3.565
CCN(CC)CCOC(=O)c1ccc(N)cc1,-1.719
CCN(CC)Cc1cc(Nc2ccnc3cc(Cl)ccc23)ccc1O,-5.79
CCN(Cc1ccncc1)C(=O)[C@@H](CO)c1ccccc1,-1.698
CCN(N=O)C(N)=O,-0.96
CCN1CCC[C@@H]1CNC(=O)c1cc(ccc1OC)S(N)(=O)=O,-2.876
CCN1CCN(CC1)c1cc2n(cc(C(O)=O)c(=O)c2cc1F)C1CC1,-3.18
CCN1c2ncccc2N(C)C(=O)c2cccnc12,-2.62
CCN1c2ncccc2N(CC)C(=O)c2cccnc12,-2.86
CCNC(=O)[C@H](C)OC(=O)Nc1ccccc1,-1.83
CCNC(=S)NCC,-1.46
CCN[C@H]1CN(CCCOC)S(=O)(=O)c2sc(cc12)S(N)(=O)=O,-2.95
CCNc1nc(Cl)nc(NC(C)C)n1,-3.489
CCOC(=O)C1=C(C)NC(C)=C([C@H]1c1cccc(Cl)c1Cl)C(=O)OC,-5.89
CCOC(=O)C=C,-0.74
CCOC(=O)CC,-0.66
CCOC(=O)CC(=O)OCC,-0.82
CCOC(=O)CCC(=O)OCC,-0.96
CCOC(=O)N(C)C(=O)CSP(=S)(OCC)OCC,-2.518
CCOC(=O)NCCOc1ccc(Oc2ccccc2)cc1,-4.719
CCOC(=O)[C@H](CCc1ccccc1)N[C@@H](C)C(=O)N1CCC[C@H]1C(O)=O,-1.305
CCOC(=O)[C@H](CCc1ccccc1)N[C@@H](C)C(=O)N1Cc2ccccc2C[C@H]1C(O)=O,-1.9
CCOC(=O)[C@H](CCc1ccccc1)N[C@@H](C)C(=O)N1[C@H]2CCCC[C@@H]2C[C@H]1C(O)=O,-2.84
CCOC(=O)c1ccc(N)cc1,-2.41
CCOC(=O)c1ccc(O)cc1,-2.346
CCOC(=O)c1ccccc1,-2.32
CCOC(=O)c1ccccc1C(=O)OCC,-2.35
CCOC(=O)c1cncn1[C@H](C)c1ccccc1,-6.735
CCOC(C)=O,-0.035675
CCOC(C)C,-0.55
CCOC(C)OCC,-0.43
CCOC(N)=O,0.85
CCOCCOCC,-0.77
CCOP(=O)(OCC)OCC,0.43
CCOP(=S)(OCC)Oc1ccc(cc1)[S@](C)=O,-2.3
CCOP(=S)(OCC)Oc1nc(Cl)c(Cl)cc1Cl,-5.244
CCOc1ccc(NC(C)=O)cc1,-2.4255
CCOc1ccc(NC(N)=O)cc1,-2.17
CCOc1ccccc1,-2.33
CCS(=O)(=O)CC,0.04
CCSCc1ccccc1OC(=O)NC,-2.09
CCSSCC,-2.42
CC[C@@H](C)C(C)(C)O,-0.89
CC[C@@H](C)C(C)=O,-0.67
CC[C@@H](C)OC(N)=O,-0.3
CC[C@@H](CO)NCCN[C@@H](CC)CO,-0.565
CC[C@@H](Cc1c(I)cc(I)c(N)c1I)C(O)=O,-4.58
CC[C@@H](O)C(C)(C)C,-1.15
CC[C@@H](O)C(C)C,-0.7
CC[C@@](C)(O)C(C)(C)C,-1.27
CC[C@@](C)(O)C(C)C,-0.85
CC[C@H](C)C(=O)O[C@H]1C[C@@H](C)C=C2C=C[C@H](C)[C@H](CC[C@@H]3C[C@@H](O)CC(=O)O3)[C@@H]12,-6
CC[C@H](C)C1(CC)C(=O)NC(=O)NC1=O,-2.333
CC[C@H](C)C1(CC=C)C(=O)NC(=O)NC1=O,-2.016
CC[C@H](C)CO,-0.47
CC[C@H](C)[C@H](C)O,-0.716666667
CC[C@H](N)C(O)=O,0.3075
CC[C@H]1NC(=O)NC1=O,-0.06
CC[C@H]1OC(=O)[C@H](C)[C@@H](O[C@H]2C[C@@](C)(OC)[C@@H](O)[C@H](C)O2)[C@H](C)[C@@H](O[C@@H]2O[C@H](C)C[C@@H]([C@H]2O)N(C)C)[C@](C)(O)C[C@@H](C)C(=O)[C@H](C)[C@@H](O)[C@]1(C)O,-3.15
CC[C@]1(CCC(=O)NC1=O)c1ccccc1,-2.337
CC\C(=C(/c1ccccc1)c1ccc(OCCN(C)C)cc1)c1ccccc1,-8.02
CC\C(=C(\CC)c1ccc(O)cc1)c1ccc(O)cc1,-4.7145
CC\C=C(/C)C1(CC)C(=O)NC(=O)NC1=O,-2.458
CCc1ccc(CCOc2ccc(C[C@H]3SC(=O)NC3=O)cc2)nc1,-6.185
CCc1cccc(C)c1N([C@@H](C)COC)C(=O)CCl,-2.73
CCc1ccccc1O,-1.36
CCc1cccs1,-2.59
CCc1nc(N)nc(N)c1-c1ccc(Cl)cc1,-4.109
CCn1c(=O)n(C)c2ncn(C)c2c1=O,-0.719
CCn1cc(C(O)=O)c(=O)c2cc(F)c(N3CCN[C@@H](C)C3)c(F)c12,-2.43291365
CCn1cc(C(O)=O)c(=O)c2cc(F)c(cc12)N1CCNCC1,-2.9065
CCn1cc(C(O)=O)c(=O)c2ccc(C)nc12,-3.4885
CCn1cnc2n(C)c(=O)n(C)c(=O)c12,-0.757
CN(C(C)=O)c1ccccc1,-0.95
CN(C)C(=O)C(CCN1CCC(O)(CC1)c1ccc(Cl)cc1)(c1ccccc1)c1ccccc1,-7.074
CN(C)C(=O)C(c1ccccc1)c1ccccc1,-2.98
CN(C)C(=O)N(C)C,0.94
CN(C)C(=O)NC1CCCCCCC1,-2.289
CN(C)C(=O)Nc1ccc(Cl)c(Cl)c1,-3.76
CN(C)C(=O)Nc1ccc(Cl)cc1,-2.9
CN(C)C(=O)Nc1cccc(OC(=O)NC(C)(C)C)c1,-2.93
CN(C)C(=O)Nc1cccc(c1)C(F)(F)F,-3.463
CN(C)C(=O)Nc1ccccc1,-1.6175
CN(C)C(=O)OC1=CC(=O)CC(C)(C)C1,-0.85
CN(C)C(=O)Oc1cc(C)nn1-c1ccccc1,-2.09
CN(C)CCC=C1c2ccccc2CCc2ccccc12,-4.55
CN(C)CCCN1c2ccccc2CCc2ccccc12,-4.3125
CN(C)CCCN1c2ccccc2Sc2ccc(Cl)cc12,-5.1455
CN(C)CCCOc1nn(Cc2ccccc2)c2ccccc12,-3.78
CN(C)CCOC(c1ccccc1)c1ccccc1,-2.947
CN(C)CCO[C@@H](c1ccccc1)c1ccccc1C,-4.1
CN(C)CC[C@@H](c1ccc(Cl)cc1)c1ccccn1,-2.659
CN(C)CC\C=C1\c2ccccc2Sc2ccc(Cl)cc12,-6.308
CN(C)[C@H]1[C@@H]2C[C@@H]3Cc4c(ccc(O)c4C(=O)C3=C(O)[C@]2(O)C(=O)[C@H](C(N)=O)C1=O)N(C)C,-0.944
CN(C)[C@H]1[C@@H]2C[C@H]3C(=C(O)[C@]2(O)C(=O)[C@H](C(N)=O)C1=O)C(=O)c1c(O)ccc(Cl)c1[C@@]3(C)O,-2.94
CN(C)[C@H]1[C@@H]2C[C@H]3C(=C(O)[C@]2(O)C(=O)[C@H](C(N)=O)C1=O)C(=O)c1c(O)cccc1[C@@]3(C)O,-2.924
CN(C)[C@H]1[C@@H]2[C@@H](O)[C@H]3C(=C(O)[C@]2(O)C(=O)[C@H](C(N)=O)C1=O)C(=O)c1c(O)cccc1[C@@]3(C)O,-3.093
CN(C)c1c(C)n(C)n(-c2ccccc2)c1=O,-0.619
CN(C)c1cnc2cncnc2n1,-0.021
CN(C)c1ncc2nccnc2n1,0.36
CN(C)c1ncnc2nccnc12,-1.021
CN(CCOc1ccc(C[C@H]2SC(=O)NC2=O)cc1)c1ccccn1,-5.25
CN(Cc1cnc2nc(N)nc(N)c2n1)c1ccc(cc1)C(=O)N[C@@H](CCC(O)=O)C(O)=O,-4.1
CN(N=O)C(N)=O,-0.85
CN1C(=O)NC(=O)[C@@](C)(C1=O)C1=CCCCC1,-2.674
CN1C(C(=O)Nc2cc(C)on2)=C(O)c2ccccc2S1(=O)=O,-5.61
CN1C(C(=O)Nc2ccccn2)=C(O)c2ccccc2S1(=O)=O,-4.8
CN1C(C(=O)Nc2ccccn2)=C(O)c2sccc2S1(=O)=O,-3.875
CN1CCC(CC1)=C1c2ccccc2C=Cc2ccccc12,-5.9
CN1CCCC1=O,1
CN1CCN(CC1)C1=Nc2ccccc2Nc2sc(C)cc12,-4.35
CN1CCN(CC1)c1cc2n(cc(C(O)=O)c(=O)c2cc1F)-c1ccc(F)cc1,-3.6
CN1CCN(CCCN2c3ccccc3Sc3ccc(Cl)cc23)CC1,-4.398
CN1CC[C@@]23[C@H]4Oc5c2c(C[C@@H]1[C@@H]3C=C[C@@H]4O)ccc5O,-3.154
CN1CC[C@@]23[C@H]4Oc5c2c(C[C@@H]1[C@@H]3C=C[C@@H]4OC(C)=O)ccc5OC(C)=O,-2.798
CN1C[C@@H](O)N(C1=O)c1nnc(s1)C(C)(C)C,-1.877
CN1C[C@@H]2C[C@H]1CN2c1cc2n(cc(C(O)=O)c(=O)c2cc1F)C1CC1,-2.9
CN1[C@@H](CCl)Nc2cc(Cl)c(cc2S1(=O)=O)S(N)(=O)=O,-3.778
CN1[C@H]2CC[C@@H]1C[C@H](C2)OC(=O)[C@@H](CO)c1ccccc1,-2.004
CN1[C@H]2CC[C@@H]1C[C@H](C2)OC(=O)[C@H](CO)c1ccccc1,-1.91
CN1c2ccc(Cl)cc2C(=NCC1=O)c1ccccc1,-3.802
CNC(=O)O\N=C(/SC)C(=O)N(C)C,0.106
CNC(=O)O\N=C(\CSC)C(C)(C)C,-1.62
CNC(=O)O\N=C1\[C@H](Cl)[C@H]2C[C@@H](C#N)[C@@H]1C2,-2.08
CNC(=O)Oc1cc(C)cc(C)c1,-2.581
CNC(=O)Oc1cccc(C)c1,-1.802
CNC(=O)Oc1cccc2CC(C)(C)Oc12,-2.5
CNC(=O)Oc1ccccc1C(C)C,-2.863
CNC(=O)Oc1ccccc1C1OCCO1,-1.57
CNC(=O)Oc1ccccc1OC(C)C,-2.02
CNC(=O)[C@@H](C)SCCSP(=O)(OC)OC,1.144
CNC(=O)\C=C(/C)OP(=O)(OC)OC,0.651
CNCCC=C1c2ccccc2CCc2ccccc12,-4.018
CNCCCN1c2ccccc2CCc2ccccc12,-3.76
CNCCC[C@@]12CC[C@@H](c3ccccc13)c1ccccc21,-4.796
CNCC[C@H](Oc1ccc(cc1)C(F)(F)F)c1ccccc1,-3.92
CNC[C@H](O)c1ccc(O)c(O)c1,-2.74
CN[C@H]1CC[C@@H](c2ccc(Cl)c(Cl)c2)c2ccccc12,-4.83
CN\C(NCCSCc1ccc(CN(C)C)o1)=C/[N+]([O-])=O,-2.5
CNc1ccccc1,-1.28
COC(=O)C(C)=C,-0.8
COC(=O)[C@@H]1[C@H]2CC[C@@H](C[C@@H]1OC(=O)c1ccccc1)N2C,-2.26
COC(=O)[C@@H]1[C@H]2C[C@H](C=C2)[C@H]1C(=O)OC,-1.2
COC(=O)c1ccc(N)cc1,-1.59
COC(=O)c1ccc(O)cc1,-1.705
COC(=O)c1ccc(OC)cc1,-2.41
COC(=O)c1ccccc1,-1.85
COC(=O)c1ccccc1C(=O)OC,-1.66
COC(=O)c1ccccc1O[C@@H]1O[C@H](CO[C@@H]2OC[C@@H](O)[C@H](O)[C@H]2O)[C@@H](O)[C@H](O)[C@H]1O,-0.742
COC(=O)c1cccnc1,-0.46
COC(C)(C)C,-0.23875
COC1=CC(=O)C[C@@H](C)[C@]11Oc2c(C1=O)c(OC)cc(OC)c2Cl,-4.83
COC1=CC=C2[C@H]3Cc4ccc(OC)c5O[C@@H]1[C@]2(CCN3C)c45,-2.658
COCC(=O)N([C@H](C)C(=O)OC)c1c(C)cccc1C,-1.6005
COCCOc1c(OC)cc(Cc2cnc(N)nc2N)cc1OC,-2.101
COCCc1ccc(OC[C@@H](O)CNC(C)C)cc1,-1.315
CON(C)C(=O)Nc1ccc(Cl)c(Cl)c1,-3.521
CON(C)C(=O)Nc1ccc(Cl)cc1,-2.57
COP(=O)(OC)O[C@@H](Br)C(Cl)(Cl)Br,-2.28
COP(=O)(OC)[C@H](O)C(Cl)(Cl)Cl,-0.22
COP(=S)(OC)Oc1cc(Cl)c(Cl)cc1Cl,-3.905
COP(=S)(OC)SCC(=O)N(C)C=O,-1.995
CO[C@]12CC[C@@]3(C[C@@H]1[C@](C)(O)C(C)(C)C)[C@H]1Cc4ccc(O)c5O[C@@H]2[C@]3(CCN1CC1CC1)c45,-4.37
CO[C@]12[C@H]3N[C@H]3CN1C1=C([C@H]2COC(N)=O)C(=O)C(N)=C(C)C1=O,-2.564
CO[P@@](=O)(NC(C)=O)SC,0.54
COc1c2ccoc2c(OC)c2oc(C)cc(=O)c12,-3.017
COc1cc(Cc2cnc(N)nc2N)cc(OC)c1OC,-2.87
COc1cc(N[C@@H](C)CCCN)c2ncccc2c1,-2.52
COc1cc2CC[C@H](NC(C)=O)c3cc(=O)c(OC)ccc3-c2c(OC)c1OC,-0.944
COc1cc2nc(nc(N)c2cc1OC)N1CCN(CC1)C(=O)[C@H]1CCCO1,-1.8
COc1cc2nc(nc(N)c2cc1OC)N1CCN(CC1)C(=O)c1ccco1,-5.086
COc1ccc(C=O)cc1,-1.49
COc1ccc(CC=C)cc1,-2.92
COc1ccc(CCN(C)CCC[C@@](C#N)(C(C)C)c2ccc(OC)c(OC)c2)cc1OC,-4.6
COc1ccc(Cc2nccc3cc(OC)c(OC)cc23)cc1OC,-4.103
COc1ccc(Cl)cc1,-2.78
COc1ccc(Cl)cc1C(=O)NCCc1ccc(cc1)S(=O)(=O)NC(=O)NC1CCCCC1,-6.755
COc1ccc(NC(=O)N(C)C)cc1Cl,-2.564
COc1ccc(NC(C)=O)cc1,-1.3
COc1ccc(cc1)[C@@H]1Sc2ccccc2N(CCN(C)C)C(=O)[C@@H]1OC(C)=O,-3.0545
COc1ccc(cc1)[C@@](O)(C1CC1)c1cncnc1,-2.598
COc1ccc(cc1)[N+]([O-])=O,-2.41
COc1ccc2COC(=O)c2c1OC,-1.8945
COc1ccc2cc(ccc2c1)[C@H](C)C(O)=O,-4.215
COc1ccc2nc([nH]c2c1)[S@](=O)Cc1ncc(C)c(OC)c1C,-3.42
COc1ccc2nccc([C@@H](O)[C@@H]3C[C@@H]4CC[N@]3C[C@@H]4C=C)c2c1,-2.788
COc1ccc2nccc([C@H](O)[C@H]3C[C@@H]4CC[N@]3C[C@@H]4C=C)c2c1,-2.812
COc1cccc(Cl)c1,-2.78
COc1cccc(c1)[C@@]1(O)CCCC[C@@H]1CN(C)C,-2.24
COc1ccccc1,-1.85
COc1ccccc1Cl,-2.46
COc1ccccc1OC[C@@H](O)CO,-0.598
COc1ccccc1OC[C@@H](O)COC(N)=O,-0.985
COc1ccccc1[N+]([O-])=O,-1.96
COc1cnc2cncnc2n1,-0.91
COc1cnc2ncncc2n1,-1.139
COc1ncc2nccnc2n1,-1.112
COc1ncnc2nccnc12,-1.112
CS(=O)(=O)OCCCCOS(C)(=O)=O,-2.267
CS(=O)(=O)c1ccc(cc1)[C@@H](O)[C@@H](CO)NC(=O)C(Cl)Cl,-2.154
CSCC[C@H](N)C(O)=O,-0.42
CSc1ccc2Sc3ccccc3N(CC[C@H]3CCCCN3C)c2c1,-5.362
CSc1ccccc1,-2.39
CSc1cnc2cncnc2n1,-1.551
CSc1ncc2nccnc2n1,-1.754
CSc1ncnc2nccnc12,-2.365
CSc1nnc(c(=O)n1N)C(C)(C)C,-2.253
C[C@@H](C(O)=O)c1ccc(c(F)c1)-c1ccccc1,-4.256
C[C@@H](C(O)=O)c1ccc(cc1)N1Cc2ccccc2C1=O,-4.772
C[C@@H](C(O)=O)c1ccc2c(c1)[nH]c1ccc(Cl)cc21,-4.699
C[C@@H](C(O)=O)c1cccc(Oc2ccccc2)c1,-3.699
C[C@@H](C(O)=O)c1cccc(c1)C(=O)c1ccccc1,-3.38
C[C@@H](CCc1ccccc1)NC[C@H](O)c1ccc(O)c(c1)C(N)=O,-3.41
C[C@@H](CN1c2ccccc2Sc2ccccc12)N(C)C,-4.34
C[C@@H](Cc1ccccc1)N(C)CC#C,-2.513
C[C@@H](N(O)C(N)=O)c1cc2ccccc2s1,-3.373
C[C@@H](N)C(O)=O,0.243
C[C@@H](N)CC(O)=O,1.08
C[C@@H](O)C(C)(C)C,-0.62
C[C@@H](O)C(F)(F)F,0.3
C[C@@H](O)[C@@H](N)C(O)=O,-0.09
C[C@@H](O)c1ccccc1,-0.92
C[C@@H](Oc1ccc(Cl)cc1Cl)C(O)=O,-2.827
C[C@@H]1CCCC(=O)C1,-1.87
C[C@@H]1C[C@H]2[C@@H]3CCC4=CC(=O)C=C[C@]4(C)C3=CC[C@]2(C)[C@H]1C(=O)CN1CCN(CC1)c1cc(nc(n1)N1CCCC1)N1CCCC1,-7.59
C[C@@H]1C[C@H]2[C@@H]3CCC4=CC(=O)C=C[C@]4(C)[C@@]3(F)[C@@H](O)C[C@]2(C)[C@@]1(O)C(=O)CO,-3.59
C[C@@H]1Nc2cc(Cl)c(cc2C(=O)N1c1ccccc1C)S(N)(=O)=O,-4.33
C[C@@]12CC[C@@H](CC1)C(C)(C)O2,-1.69
C[C@@]12CC[C@@H]3C(=CCc4cc(O)ccc34)[C@H]1CC[C@@H]2O,-4.402
C[C@H](CN(C)C)CN1c2ccccc2CCc2ccccc12,-4.796
C[C@H](N)C(O)=O,0.25
C[C@H](NCCC(c1ccccc1)c1ccccc1)c1ccccc1,-4
C[C@H](O)Cn1cnc2n(C)c(=O)n(C)c(=O)c12,0.623
C[C@H](OC(=O)Nc1cccc(Cl)c1)C#C,-2.617
C[C@H]1CCCCC1=O,-0.94
C[C@H]1CC[C@@H](CC1=O)C(C)=C,-2.18
C[C@H]1CC[C@H](O)CC1,-0.88
C[C@H]1CCc2cc(F)cc3c2n1cc(C(O)=O)c3=O,-3.733
C[C@H]1CN(C[C@@H](C)N1)c1c(F)c(N)c2c(c1F)n(cc(C(O)=O)c2=O)C1CC1,-3.371
C[C@H]1COc2c(N3CCN(C)CC3)c(F)cc3c2n1cc(C(O)=O)c3=O,-1.266
C[C@H]1C[C@H](C)C(=O)[C@@H](C1)[C@H](O)CC1CC(=O)NC(=O)C1,-1.13
C[C@H]1C[C@H]2[C@@H]3CCC4=CC(=O)C=C[C@]4(C)[C@@]3(F)[C@@H](O)C[C@]2(C)[C@@]1(O)C(=O)CO,-3.77
C[C@H]1C[C@H]2[C@@H]3CC[C@](O)(C(=O)CO)[C@@]3(C)C[C@H](O)[C@@H]2[C@@]2(C)C=CC(=O)C=C12,-2.99
C[C@H]1Cc2ccccc2N1NC(=O)c1ccc(Cl)c(c1)S(N)(=O)=O,-3.792
C[C@H]1[C@H](NC(=O)C(=N\OC(C)(C)C(O)=O)\c2csc(N)n2)C(=O)N1S(O)(=O)=O,-1.639
C[C@H]1[C@H]2Cc3ccc(O)cc3[C@]1(C)CCN2CC=C(C)C,-3.803
C[C@H]1[C@H]2[C@H](C[C@H]3[C@@H]4CC=C5C[C@@H](O)CC[C@]5(C)[C@H]4CC[C@]23C)O[C@]11CC[C@@H](C)CO1,-2.618
C[C@]1(O)CC[C@H]2[C@@H]3CCC4=CC(=O)CC[C@]4(C)[C@H]3CC[C@]12C,-3.99
C[C@]12CC(=O)[C@H]3[C@@H](CCC4=CC(=O)C=C[C@]34C)[C@@H]1CC[C@]2(O)C(=O)CO,-3.239
C[C@]12CC(=O)[C@H]3[C@@H](CCC4=CC(=O)CC[C@]34C)[C@@H]1CC[C@]2(O)C(=O)CO,-3.27
C[C@]12CC[C@H]3C(=CCc4cc(O)ccc34)[C@@H]1CCC2=O,-5.282
C[C@]12CC[C@H]3[C@@H](CC=C4C[C@@H](O)CC[C@]34C)[C@@H]1CCC2=O,-4.064
C[C@]12CC[C@H]3[C@@H](CCC4=CC(=O)CC[C@H]34)[C@@H]1CC[C@@]2(O)C#C,-4.63
C[C@]12CC[C@H]3[C@@H](CCC4=CC(=O)CC[C@]34C)[C@@H]1CC[C@@H]2C(=O)CO,-3.45
C[C@]12CC[C@H]3[C@@H](CCC4=CC(=O)CC[C@]34C)[C@@H]1CC[C@@H]2O,-4.159
C[C@]12CC[C@H]3[C@@H](CCC4=Cc5oncc5C[C@]34C)[C@@H]1CC[C@@]2(O)C#C,-5.507
C[C@]12CC[C@H]3[C@@H](CC[C@H]4CC(=O)CC[C@]34C)[C@@H]1CC[C@@H]2O,-4.743
C[C@]12CC[C@H]3[C@@H](CCc4cc(O)ccc34)[C@@H]1CCC2=O,-3.955
C[C@]12CC[C@H]3[C@@H](CCc4cc(O)ccc34)[C@@H]1CC[C@@H]2O,-4.845
C[C@]12CC[C@H]3[C@@H](CCc4cc(O)ccc34)[C@@H]1CC[C@@]2(O)C#C,-4.217
C[C@]12CC[C@H]3[C@@H](CCc4cc(O)ccc34)[C@@H]1C[C@@H](O)[C@@H]2O,-4.955
C[C@]12CCc3c(ccc4cc(O)ccc34)[C@@H]1CCC2=O,-5.249
C[C@]12C[C@H](O)[C@@]3(F)[C@@H](CCC4=CC(=O)C=C[C@]34C)[C@@H]1C[C@@H](O)[C@]2(O)C(=O)CO,-3.693
C[C@]12C[C@H](O)[C@@]3(F)[C@@H](CCC4=CC(=O)CC[C@]34C)[C@@H]1CC[C@]2(O)C(=O)CO,-3.434
C[C@]12C[C@H](O)[C@H]3[C@@H](CCC4=CC(=O)C=C[C@]34C)[C@@H]1CC[C@]2(O)C(=O)CO,-3.18
C[C@]12C[C@H](O)[C@H]3[C@@H](CCC4=CC(=O)CC[C@]34C)[C@@H]1CC[C@@H]2C(=O)CO,-3.24
C[C@]12C[C@H](O)[C@H]3[C@@H](CCC4=CC(=O)CC[C@]34C)[C@@H]1CC[C@]2(O)C(=O)CO,-3.1
C\C(O)=C\C(C)=O,0.22
C\N=C(/NCCSCc1[nH]cnc1C)NC#N,-1.655
C\N=C1\CN(O)C(c2ccccc2)=c2cc(Cl)ccc2=N1,-2.176
Cc1c(N)c(=O)n(-c2ccccc2)n1C,-0.622
Cc1c[nH]c(=O)[nH]c1=O,-1.499
Cc1c[nH]c(=O)nc1N,-0.56
Cc1c[nH]c2ccccc12,-2.42
Cc1cc(=O)c2ccccc2[nH]1,-1.2
Cc1cc(=O)n(-c2ccccc2)n1C,0.48
Cc1cc(C)c(O)c(C)c1,-2.05
Cc1cc(C)cc(O)c1,-1.4
Cc1cc(C)nc(NS(=O)(=O)c2ccc(N)cc2)n1,-2.73
Cc1cc(NS(=O)(=O)c2ccc(N)cc2)no1,-2.705
Cc1cc(no1)C(=O)NNCc1ccccc1,-2.461
Cc1ccc(C)c(O)c1,-1.54
Cc1ccc(CO)cc1,-1.2
Cc1ccc(Cl)c(Nc2ccccc2C(O)=O)c1Cl,-6.267
Cc1ccc(O)c(C)c1,-1.1975
Cc1ccc(O)cc1,-0.72
Cc1ccc(O)cc1C,-1.39
Cc1ccc(cc1)C(=O)c1ccc(CC(O)=O)n1C,-4.092
Cc1ccc(cc1)S(=O)(=O)NC(=O)NN1C[C@@H]2CCC[C@@H]2C1,-4.175
Cc1ccc(cc1)S(N)(=O)=O,-1.74
Cc1ccc(cc1)[N+]([O-])=O,-2.49
Cc1ccc(cc1[N+]([O-])=O)[N+]([O-])=O,-2.82
Cc1cccc(C)c1O,-1.296666667
Cc1cccc(CN2CCN(CC2)[C@H](c2ccccc2)c2ccc(Cl)cc2)c1,-6.481
Cc1cccc(Nc2ccccc2C(O)=O)c1C,-6.544
Cc1cccc(O)c1,-0.69025
Cc1cccc(O)c1C,-1.43
Cc1cccc(c1)[N+]([O-])=O,-2.44
Cc1cccc2sc3nncn3c12,-2.07
Cc1ccccc1-n1c(C)nc2ccccc2c1=O,-2.921
Cc1ccccc1N,-1.756666667
Cc1ccccc1O,-0.62375
Cc1ccccc1S(N)(=O)=O,-2.02
Cc1ccccc1[N+]([O-])=O,-2.33
Cc1ccnc(NS(=O)(=O)c2ccc(N)cc2)n1,-3.1205
Cc1ccsc1,-2.39
Cc1cn([C@H]2C[C@H]([N-][N+]#N)[C@@H](CO)O2)c(=O)[nH]c1=O,-1.0645
Cc1cnc(cn1)C(=O)NCCc1ccc(cc1)S(=O)(=O)NC(=O)NC1CCCCC1,-5.454
Cc1cnc2cncnc2n1,-0.854
Cc1nc2[C@@H](O)CCCn2c(=O)c1CCN1CCC(CC1)c1noc2cc(F)ccc12,-4.435
Cc1ncc(n1CCO)[N+]([O-])=O,-1.2165
Cc1ncc2nccnc2n1,-0.094
Cc1ncnc2nccnc12,-0.466
Cc1nnc(NS(=O)(=O)c2ccc(N)cc2)s1,-2.779
Cc1nnc(SCC2=C(N3[C@H](SC2)[C@H](NC(=O)Cn2cnnn2)C3=O)C(O)=O)s1,-2.616
Cc1nnc2CN=C(c3ccccc3)c3cc(Cl)ccc3-n12,-3.6
Cc1nnc2CN=C(c3ccccc3Cl)c3cc(Cl)ccc3-n12,-4.095
ClC(Cl)(Cl)C#N,-2.168
ClC(Cl)C(=O)N(CC=C)CC=C,-1.62
ClCCOCCCl,-1.12
ClCCS(=O)(=O)CCCl,-1.5
ClCCS(=O)CCCl,-1.16
Clc1ccc(CC[C@@](Cn2cncn2)(C#N)c2ccccc2)cc1,-6.226
Clc1ccc(CO[C@@H](Cn2ccnc2)c2ccc(Cl)cc2Cl)c(Cl)c1,-5.4305
Clc1ccc2oc(=O)[nH]c2c1,-2.7105
Clc1cccc(-c2c[nH]cc2C#N)c1Cl,-5.074
Clc1cccc(Cl)c1NC1=NCCN1,-0.1
Clc1cccc(N2CCN(CCCCOc3ccc4CCC(=O)Nc4c3)CC2)c1Cl,-6.585
Clc1cccc(c1)N1CCN(CCCn2nc3ccccn3c2=O)CC1,-3.1875
Clc1cnc2cncnc2n1,-0.876
Clc1cnc2ncncc2n1,-1.124
Clc1ncc2nccnc2n1,-0.699
Cn1c(=O)on(-c2ccc(Cl)c(Cl)c2)c1=O,-2.82
Cn1c2nc[nH]c2c(=O)n(C)c1=O,-1.3625
Cn1c2ncn(C[C@@H](O)CO)c2c(=O)n(C)c1=O,0.118
Cn1ccc(=O)[nH]c1=O,-0.8035
Cn1ccccc1=O,0.96
Cn1cnc(c1Sc1ncnc2nc[nH]c12)[N+]([O-])=O,-3.3255
Cn1cnc2n(C)c(=O)[nH]c(=O)c12,-2.557
Cn1cnc2n(C)c(=O)n(C)c(=O)c12,-0.951
Cn1nnnc1SCC1=C(N2[C@H](SC1)[C@H](NC(=O)[C@H](O)c1ccccc1)C2=O)C(O)=O,-0.143
FC1(F)Oc2cccc(c2O1)-c1c[nH]cc1C#N,-5.21
Fc1c[nH]c(=O)[nH]c1=O,-1.028
Fc1ccc(cc1)C(=O)CCCN1CCC(CC1)n1c2ccccc2[nH]c1=O,-4.28
N#Cc1ccccc1,-1
N#Cc1ccccc1C#N,-2.38
N(Nc1ccccc1)c1ccccc1,-2.92
NC(=N)NCC(O)=O,-1.51
NC(=N)Nc1nc(CSCC\C(N)=N\S(N)(=O)=O)cs1,-2.49
NC(=O)N1c2ccccc2C=Cc2ccccc12,-3.294
NC(=O)NCc1ccccc1,-0.95
NC(=O)OCc1ccccc1,-0.35
NC(=O)c1ccccc1,-0.953
NC(=O)c1ccccc1C(N)=O,-2.771
NC(=O)c1ccccc1O,-1.836
NC(=O)c1cccnc1,0.913
NC(=O)c1cnccn1,-0.914
NC(=S)Nc1ccccc1,-1.77
NC(N)=NC(=O)c1nc(Cl)c(N)nc1N,-3.13
NC(N)=N[N+]([O-])=O,-1.37
NCCc1c[nH]c2ccccc12,-3.301029996
NC[C@@H](CC(O)=O)c1ccc(Cl)cc1,-1.696
NNC(=O)c1ccncc1,0.009
NNc1nncc2ccccc12,-2.6
NS(=O)(=O)c1cc(C(O)=O)c(NCc2ccco2)cc1Cl,-4.75
NS(=O)(=O)c1cc(ccc1Cl)[C@]1(O)NC(=O)c2ccccc12,-3.451
NS(=O)(=O)c1cc2c(NCNS2(=O)=O)cc1C(F)(F)F,-2.98
NS(=O)(=O)c1cc2c(NCNS2(=O)=O)cc1Cl,-2.689
NS(=O)(=O)c1cc2c(N[C@@H](Cc3ccccc3)NS2(=O)=O)cc1C(F)(F)F,-4.298
NS(=O)(=O)c1cc2c(N[C@@H](NS2(=O)=O)C(Cl)Cl)cc1Cl,-3.354253415
NS(=O)(=O)c1cc2c(N\C(NS2(=O)=O)=C/SCc2ccccc2)cc1Cl,-4.829
NS(=O)(=O)c1ccccc1,-1.56
N[C@@H](CC(N)=O)C(O)=O,-0.74
N[C@@H](CCC(N)=O)C(O)=O,-0.55
N[C@@H](Cc1cc(I)c(Oc2cc(I)c(O)c(I)c2)c(I)c1)C(O)=O,-4.259
N[C@@H](Cc1ccc(O)c(O)c1)C(O)=O,-1.818
N[C@@H](Cc1ccc(cc1)N(CCCl)CCCl)C(O)=O,-3.485
N[C@@H](Cc1ccccc1)C(O)=O,-0.804
N[C@@H]1CONC1=O,-0.009
N[C@H]1[C@@H]2CN(C[C@H]12)c1nc2n(cc(C(O)=O)c(=O)c2cc1F)-c1ccc(F)cc1F,-4.48
N[C@]12C[C@H]3C[C@H](C[C@H](C3)C1)C2,-1.854
Nc1[nH]c(=O)nc2nc[nH]c12,-3.401
Nc1cc(nc(=N)n1O)N1CCCCC1,-2.009
Nc1cc[nH]c(=O)n1,-1.159
Nc1ccc(Br)cc1C(O)=O,-3.074
Nc1ccc(C(O)=O)c(O)c1,-1.963
Nc1ccc(Cl)cc1,-1.66
Nc1ccc(O)c(c1)C(O)=O,-2.259
Nc1ccc(\N=N\c2ccccc2)c(N)n1,-4.362
Nc1ccc(cc1)C(O)=O,-1.368
Nc1ccc(cc1)S(=O)(=O)Nc1ncccn1,-3.529
Nc1ccc(cc1)S(=O)(=O)Nc1nccs1,-2.7465
Nc1ccc(cc1)S(=O)(=O)c1ccc(N)cc1,-3.094
Nc1ccc(cc1)S(N)(=O)=O,-1.361
Nc1ccc(cc1)[N+]([O-])=O,-2.37
Nc1cccc(Cl)c1,-1.37
Nc1cccc(c1)C(F)(F)F,-1.47
Nc1cccc(c1)[N+]([O-])=O,-2.19
Nc1cccc2ccccc12,-1.92
Nc1ccccc1,-0.4115
Nc1ccccc1Cl,-1.52
Nc1ccccc1O,-0.72
Nc1ccccc1[N+]([O-])=O,-1.96
Nc1cnc2cncnc2n1,-2.313
Nc1cnc2ncncc2n1,-2.343
Nc1cnn(-c2ccccc2)c(=O)c1Cl,-2.874
Nc1nc(=O)[nH]cc1F,-0.959
Nc1nc(=O)c2nc(CNc3ccc(cc3)C(=O)N[C@@H](CCC(O)=O)C(O)=O)cnc2[nH]1,-5.344
Nc1nc(=O)c2ncn(COCCO)c2[nH]1,-2.2244
Nc1nc2nc[nH]c2c(=O)[nH]1,-4.0045
Nc1ncc2nccnc2n1,-2.298
Nc1ncnc2n(cnc12)[C@@H]1O[C@H](CO)[C@@H](O)[C@H]1O,-1.728
Nc1ncnc2nc[nH]c12,-2.432
Nc1ncnc2nccnc12,-2.313
O=C(C1CCCCC1)N1C[C@H]2N(CCc3ccccc23)C(=O)C1,-2.893
O=C1C=CC(=O)C=C1,-0.9345
O=C1CCC(=O)N1,0.3
O=C1CCCCC1,-0.6
O=C1CNC(=O)CN1,-0.83
O=C1CNC(=O)N1,-0.4
O=C1C[C@@H]2OCC=C3CN4CC[C@@]56[C@@H]4C[C@@H]3[C@@H]2[C@@H]5N1c1ccccc61,-3.33
O=C1N([C@@H]2CCC(=O)NC2=O)C(=O)c2ccccc12,-3.699
O=C1NC(=O)C(C(=O)N1)(c1ccccc1)c1ccccc1,-4.196
O=C1NC(=O)C(C2CCC2)C(=O)N1,-2.349
O=C1NC(=O)C(C2CCCC2)C(=O)N1,-3.06
O=C1NC(=O)C(C2CCCCC2)C(=O)N1,-3.168
O=C1NC(=O)C(C2CCCCCC2)C(=O)N1,-2.982
O=C1NC(=O)C(N1)(c1ccccc1)c1ccccc1,-4.125
O=C1NC(=O)C2(CC2)C(=O)N1,-1.886
O=C1NS(=O)(=O)c2ccccc12,-1.725
O=C1OC(=O)c2ccccc12,-1.39
O=CNc1ccccc1,-0.68
O=Cc1ccc2OCOc2c1,-1.63
O=Cc1ccccc1,-1.2075
O=Cc1ccco1,-0.093925
O=NN1CCCCC1,-0.17
O=c1[nH]c2[nH]c(=O)[nH]c(=O)c2[nH]1,-3.402
O=c1[nH]c2nc[nH]c2c(=O)[nH]1,-2.483
O=c1cc[nH]c(=O)[nH]1,-1.493
O=c1cc[nH]cc1,1.02
O=c1cc[nH]cn1,0.59
O=c1ccc2ccccc2[nH]1,-2.14
O=c1ccc2ccccc2o1,-1.89
O=c1cccc[nH]1,1.02
O=c1cnc2cncnc2[nH]1,-2.124
O=c1cnc2ncncc2[nH]1,-2.714
O=c1nc2nccnc2c[nH]1,-1.947
O=c1nc[nH]c2n[nH]cc12,-2.453
O=c1nc[nH]c2nc[nH]c12,-2.28
O=c1nc[nH]c2nccnc12,-1.471
OC(=O)CCC(=O)c1ccc(cc1)-c1ccccc1,-5.2455
OC(=O)Cc1ccc(OCC=C)c(Cl)c1,-3.125
OC(=O)Cc1ccccc1Nc1c(Cl)cccc1Cl,-5.398
OC(=O)Cc1ccccc1Oc1ccc(Cl)cc1Cl,-3.854
OC(=O)[C@@H]1CCCN1,1.149
OC(=O)c1cc(Br)c(O)cc1O,-2.62
OC(=O)c1cc(ccc1O)-c1ccc(F)cc1F,-4.72275
OC(=O)c1cc(ccc1O)\N=N\c1ccc(cc1)S(=O)(=O)Nc1ccccn1,-6.137
OC(=O)c1ccc(O)cc1,-1.464
OC(=O)c1ccc2ccccc2c1,-3.8
OC(=O)c1cccc2ccccc12,-3.774
OC(=O)c1ccccc1,-1.58
OC(=O)c1ccccc1C(O)=O,-1.50975
OC(=O)c1ccccc1Nc1cccc(c1)C(F)(F)F,-5.33
OC(=O)c1ccccc1O,-1.931
OC(=O)c1cccnc1,-0.85
OC(=O)c1cccnc1Nc1cccc(c1)C(F)(F)F,-4.585
OC(=O)c1cn(-c2ccc(F)cc2)c2cc(N3CCNCC3)c(F)cc2c1=O,-3.131
OC(=O)c1cn(C2CC2)c2cc(N3CCNCC3)c(F)cc2c1=O,-3.742
OC(CCl)CCl,-0.11
OC(Cn1cncn1)(Cn1cncn1)c1ccc(F)cc1F,-1.8
OC(c1ccccc1)c1ccccc1,-2.55
OC1(CCN(CCCC(=O)c2ccc(F)cc2)CC1)c1ccc(Cl)cc1,-4.3645
OC1CCCCC1,-0.44
OC1CCCCCC1,-0.88
OC1CCCCCCC1,-1.29
OCC(O)CO,1.12
OCCCc1ccccc1,-1.38
OCCN(CCO)c1ccccc1,-0.73
OCCN(CCO)c1nc(N2CCCCC2)c2nc(nc(N3CCCCC3)c2n1)N(CCO)CCO,-5.332
OCCN1CCN(CCCN2c3ccccc3Sc3ccc(Cl)cc23)CC1,-4.3875
OCCN1CCN(CC\C=C2/c3ccccc3Sc3ccc(cc23)C(F)(F)F)CC1,-4.0185
OCCOc1ccccc1,-0.703333333
OCCc1ccccc1,-0.74
OC[C@@H](NC(=O)C(Cl)Cl)[C@H](O)c1ccc(cc1)[N+]([O-])=O,-2.111
OC[C@@H](O)[C@@H](O)[C@H](O)C(=O)CO,0.64
OC[C@@H](O)[C@@H](O)[C@H](O)[C@@H](O)C=O,0.74
OC[C@@H](O)[C@@H](O)[C@H](O)[C@H](O)CO,0.05845
OC[C@@H](O)[C@H]1O[C@@H]2O[C@@H](O[C@@H]2[C@H]1O)C(Cl)(Cl)Cl,-1.84
OC[C@@H]1CC[C@@H](O1)n1cnc2c1[nH]cnc2=O,-0.937
OC[C@H](O)COC(=O)c1ccccc1Nc1ccnc2cc(Cl)ccc12,-4.571
OC[C@H](O)[C@@H](O)[C@H](O)[C@H](O)CO,1.148
OC[C@H](O)[C@H](O)CO,0.7
OC[C@H](O)[C@H]1OC(=O)C(O)=C1O,0.277
OC[C@H]1O[C@@H](OC[C@H]2O[C@@H](O[C@H](C#N)c3ccccc3)[C@H](O)[C@@H](O)[C@@H]2O)[C@H](O)[C@@H](O)[C@@H]1O,-0.77
OC[C@H]1O[C@@H](Oc2ccccc2CO)[C@H](O)[C@@H](O)[C@@H]1O,-0.85
OC[C@H]1O[C@H](O)[C@H](O)[C@@H](O)[C@@H]1O,0.74
OC[C@H]1O[C@H]([C@H](O)[C@@H]1O)n1cnc2c1[nH]cnc2=O,-1.23
OC[C@]1(O)OC[C@@H](O)[C@@H](O)[C@@H]1O,0.64
OCc1c(Cl)cccc1Cl,-2.1
OCc1ccccc1,-0.4
OCc1ccccc1O,-0.29
O[C@@H](C(=O)c1ccccc1)c1ccccc1,-2.85
O[C@@H]([C@@H](O)c1ccccc1)c1ccccc1,-1.93
O[C@@H]1CCOC1,1.05
O[C@@H]1CO[C@H](O)[C@@H](O)[C@@H]1O,0.39
O[C@@H]1C[C@@H](O)[C@H](O)C(O)[C@H]1O,-0.17
O[C@@H]1N=C(c2ccccc2)c2cc(Cl)ccc2NC1=O,-3.952
O[C@@H]1N=C(c2ccccc2Cl)c2cc(Cl)ccc2NC1=O,-3.604
O[C@@](CCN1CCCC1)(C1CCCCC1)c1ccccc1,-4.7
O[C@@](CCN1CCCCC1)(C1CCCCC1)c1ccccc1,-5.2
O[C@H](Cc1ccccc1)c1ccccc1,-2.52
O[C@H]1CO[C@H](O)[C@H](O)[C@H]1O,0.39
Oc1ccc(Cl)cc1,-0.7
Oc1ccc(I)cc1,-1.714
Oc1ccc(O)cc1,-0.1695
Oc1ccc(cc1)C1(OC(=O)c2ccccc12)c1ccc(O)cc1,-2.9
Oc1ccc2CCCCc2c1,-1.99
Oc1ccc2C[C@H]3N(CC=C)CC[C@@]45[C@@H](Oc1c24)C(=O)CC[C@@]35O,-2.898
Oc1ccc2ccccc2c1,-2.159
Oc1cccc(Cl)c1,-0.7
Oc1cccc(O)c1,0.81
Oc1cccc2C(=O)c3cccc(O)c3C(=O)c12,-5.187
Oc1cccc2ccccc12,-1.9715
Oc1ccccc1,-0.00835
Oc1ccccc1C=O,-0.86
Oc1ccccc1O,0.62
S=C1NCCN1,-0.71
S=c1cnc2cncnc2[nH]1,-2.706
S=c1nc2nccnc2c[nH]1,-2.629
S=c1nc[nH]c2nccnc12,-2.646
[O-][N+](=O)C(Cl)(Cl)Cl,-2
[O-][N+](=O)OCC(CO[N+]([O-])=O)O[N+]([O-])=O,-2.22
[O-][N+](=O)O[C@@H]1CO[C@@H]2[C@H](CO[C@H]12)O[N+]([O-])=O,-2.63
[O-][N+](=O)c1cc(cc(c1)[N+]([O-])=O)[N+]([O-])=O,-2.89
[O-][N+](=O)c1ccc(Cl)cc1,-2.92
[O-][N+](=O)c1ccc(\C=N\N2CC(=O)NC2=O)o1,-3.26
[O-][N+](=O)c1cccc(Cl)c1,-2.77
[O-][N+](=O)c1cccc(c1)[N+]([O-])=O,-2.316666667
[O-][N+](=O)c1ccccc1,-1.8
[O-][N+](=O)c1ccccc1Cl,-2.55
[O-][N+](=O)c1nccn1CC(=O)NCc1ccccc1,-2.81
c1[nH]nc2ccccc12,-2.16
c1cc2ccccc2[nH]1,-1.416666667
c1ccc(nc1)-c1ccccn1,-1.42
c1ccc2n[nH]nc2c1,-0.78
c1ccc2ncccc2c1,-1.3
c1cn(cn1)[C@H](c1ccccc1)c1ccc(cc1)-c1ccccc1,-6.27
c1cnc2c(c1)ccc1cccnc21,-1.618
c1cnc2ncncc2n1,0.0205
c1nc(cs1)-c1nc2ccccc2[nH]1,-3.484
c1nc2ccccc2o1,-1.16
c1nc2ccccc2s1,-1.5
